法人番号,商号又は名称,所在地,変更履歴情報等
4010001240747,"グリフィングローバルアセットマネジメント
グリフィングローバルアセットマネジメント株式会社",東京都千代田区丸の内１丁目１番１号パレスビル５階,履歴等
3010001097899,"ジーアールシーエス
株式会社ＧＲＣＳ",東京都千代田区丸の内１丁目１番１号パレスビル５階,履歴等
9010405016375,"ジーワン
Ｇ１行政書士法人",東京都千代田区丸の内１丁目１番１号パレスビル５階,履歴等
9010001216073,"ジェイダブリューディーホールディングスツー
ＪＷＤホールディングス２株式会社",東京都千代田区丸の内１丁目１番１号パレスビル５階,履歴等
9020001090831,"バリュレイト
株式会社バリュレイト",東京都千代田区丸の内１丁目１番１号パレスビル５階,履歴等
4010003027044,"パンゲア
合同会社パンゲア",東京都千代田区丸の内１丁目１番１号パレスビル５階,履歴等
3010001242018,"ビーシージェイエイティー
株式会社ＢＣＪ‐８０",東京都千代田区丸の内１丁目１番１号パレスビル５階,履歴等
9010001248876,"ビーシージェイエイティーエイト
株式会社ＢＣＪ‐８８",東京都千代田区丸の内１丁目１番１号パレスビル５階,履歴等
9010001248190,"ビーシージェイエイティーシックス
株式会社ＢＣＪ‐８６",東京都千代田区丸の内１丁目１番１号パレスビル５階,履歴等
1010001246664,"ビーシージェイエイティースリー
株式会社ＢＣＪ‐８３",東京都千代田区丸の内１丁目１番１号パレスビル５階,履歴等
